{
  "_note1": "KEEP THIS FILE! Check it into a version control system (VCS) like git.",
  "_note2": "ObjectBox manages crucial IDs for your object model. See docs for details.",
  "_note3": "If you have VCS merge conflicts, you must resolve them according to ObjectBox docs.",
  "entities": [
    {
      "id": "1:8027927662726741047",
      "lastPropertyId": "5:2185795398643759479",
      "name": "Usuario",
      "properties": [
        {
          "id": "1:3148677432957566368",
          "name": "id"
        },
        {
          "id": "2:3056685035194919210",
          "name": "email"
        },
        {
          "id": "3:2051174953741558612",
          "name": "senha"
        },
        {
          "id": "4:130613739176843992",
          "name": "nome"
        }
      ],
      "relations": [
        {
          "id": "3:7588642949291179894",
          "name": "livros"
        }
      ]
    },
    {
      "id": "3:5028548162492047711",
      "lastPropertyId": "13:1961099309683307209",
      "name": "Livro",
      "properties": [
        {
          "id": "1:5461239802173653728",
          "name": "id"
        },
        {
          "id": "2:7065205006643888351",
          "name": "titulo"
        },
        {
          "id": "3:2266136032247659544",
          "name": "autor"
        },
        {
          "id": "4:114888039638429381",
          "name": "genero"
        },
        {
          "id": "5:3434440711612244651",
          "name": "ano"
        },
        {
          "id": "6:2758808407297730998",
          "name": "qtdPg"
        },
        {
          "id": "7:1038990227480636597",
          "name": "pgAtual"
        },
        {
          "id": "8:1038465083390904433",
          "name": "status"
        },
        {
          "id": "9:8533269661073379042",
          "name": "dataInicial"
        },
        {
          "id": "10:6810938032151902719",
          "name": "dataFinal"
        },
        {
          "id": "11:3809020732550795322",
          "indexId": "2:7662657813652590186",
          "name": "donoId"
        },
        {
          "id": "13:1961099309683307209",
          "name": "notaDeAvaliação"
        }
      ],
      "relations": [
        {
          "id": "1:7162257758094962566",
          "name": "comentarios"
        },
        {
          "id": "2:5347952363181811534",
          "name": "capitulos"
        }
      ]
    },
    {
      "id": "5:6015835108166209202",
      "lastPropertyId": "7:1961414162586964276",
      "name": "Capitulo",
      "properties": [
        {
          "id": "1:6318987061348755224",
          "name": "id"
        },
        {
          "id": "2:5847075702348655865",
          "name": "titulo"
        },
        {
          "id": "3:8066917598039338108",
          "name": "capNum"
        },
        {
          "id": "4:3568360826284822928",
          "name": "descricao"
        },
        {
          "id": "5:991785612102248241",
          "indexId": "5:3533949268481199532",
          "name": "livroId"
        },
        {
          "id": "6:4896779522814663939",
          "name": "favorito"
        },
        {
          "id": "7:1961414162586964276",
          "name": "marcado"
        }
      ],
      "relations": []
    },
    {
      "id": "6:2010935336677621588",
      "lastPropertyId": "3:881068690981421969",
      "name": "Comentario",
      "properties": [
        {
          "id": "1:1505225779506646748",
          "name": "descricao"
        },
        {
          "id": "2:456653537596414775",
          "name": "dataHora"
        },
        {
          "id": "3:881068690981421969",
          "name": "id"
        }
      ],
      "relations": []
    }
  ],
  "lastEntityId": "6:2010935336677621588",
  "lastIndexId": "5:3533949268481199532",
  "lastRelationId": "3:7588642949291179894",
  "lastSequenceId": "0:0",
  "modelVersion": 4,
  "modelVersionParserMinimum": 4,
  "retiredEntityUids": [
    1021047138446221729,
    2566594627892294190
  ],
  "retiredIndexUids": [
    6594454585264472464,
    2972867783593521967,
    6505008433555763402
  ],
  "retiredPropertyUids": [
    1066913415526844582,
    8304006561988453376,
    6652104380101318212,
    6433061221928433559,
    6768994396974767190,
    4842707708378042425,
    5052799941344354667,
    891489543374133592,
    4612261518598590212,
    1008412695193571110,
    4011910182522332363,
    6286467196150765272,
    3735666019700383425,
    1678270935742993549,
    5962437224288200030,
    2355892995514950011,
    5871409882906676746,
    9074846524052674497,
    2185795398643759479
  ],
  "retiredRelationUids": [],
  "version": 1
}